method,regularization_weight,coefficient_threshold,status,J_perf,J_arch,objective,regularization_value,regularized_objective,runtime_seconds,active_links,qi_closed,admissible,certified,used_dense_fallback,delay_signature
rfd_regularized_raw,0.1,1e-06,optimal,4.203078542241556,0.009000000000000001,4.203978542241556,0.06515382285087164,4.209593924526644,1.8578069999348372,12,True,False,False,False,"0,0,0,0,0,0,0,0,0,0,0,0"
rfd_qi_repair_resynth,0.1,1e-06,optimal,4.987426535049375,0.004166666666666667,4.987843201716041,0.06515382285087164,4.209593924526644,2.019903299980797,12,True,True,True,False,"1,0,1,2,1,1,0,1,1,2,1,0"
rfd_regularized_raw,0.1,1e-05,optimal,4.203078542241556,0.009000000000000001,4.203978542241556,0.06515382285087164,4.209593924526644,1.9058454000623897,12,True,False,False,False,"0,0,0,0,0,0,0,0,0,0,0,0"
rfd_qi_repair_resynth,0.1,1e-05,optimal,4.987426535049375,0.004166666666666667,4.987843201716041,0.06515382285087164,4.209593924526644,2.0632874000584707,12,True,True,True,False,"1,0,1,2,1,1,0,1,1,2,1,0"
rfd_regularized_raw,0.1,0.0001,optimal,4.203078542241556,0.009000000000000001,4.203978542241556,0.06515382285087164,4.209593924526644,1.8374137999489903,12,True,False,False,False,"0,0,0,0,0,0,0,0,0,0,0,0"
rfd_qi_repair_resynth,0.1,0.0001,optimal,4.987426535049375,0.004166666666666667,4.987843201716041,0.06515382285087164,4.209593924526644,1.9982388999778777,12,True,True,True,False,"1,0,1,2,1,1,0,1,1,2,1,0"
rfd_regularized_raw,0.1,0.001,optimal,4.203078542241556,0.009000000000000001,4.203978542241556,0.06515382285087164,4.209593924526644,1.7875941999955103,12,True,False,False,False,"0,0,0,0,0,0,0,0,0,0,0,0"
rfd_qi_repair_resynth,0.1,0.001,optimal,4.987426535049375,0.004166666666666667,4.987843201716041,0.06515382285087164,4.209593924526644,1.9382113999454305,12,True,True,True,False,"1,0,1,2,1,1,0,1,1,2,1,0"
rfd_regularized_raw,0.1,0.01,optimal,4.203078542241556,0.009000000000000001,4.203978542241556,0.06515382285087164,4.209593924526644,2.1618536999449134,12,True,False,False,False,"0,0,0,0,0,0,0,0,0,0,0,0"
rfd_qi_repair_resynth,0.1,0.01,optimal,4.987426535049375,0.004166666666666667,4.987843201716041,0.06515382285087164,4.209593924526644,2.3242843999760225,12,True,True,True,False,"1,0,1,2,1,1,0,1,1,2,1,0"
rfd_regularized_raw,0.1,0.1,optimal,4.203078542241556,0.005,4.203578542241556,0.06515382285087164,4.209593924526644,1.8697913999203593,8,True,False,False,False,"inf,0,inf,inf,0,0,0,inf,0,0,0,0"
rfd_qi_repair_resynth,0.1,0.1,optimal,4.987506206845389,0.002333333333333333,4.987739540178722,0.06515382285087164,4.209593924526644,2.0432649998692796,8,True,True,True,False,"inf,0,inf,inf,1,1,0,inf,1,2,1,0"
rfd_regularized_raw,0.1,1.0,optimal,4.203078542241556,0.004,4.203478542241556,0.06515382285087164,4.209593924526644,1.7852288000285625,7,True,False,False,False,"inf,0,inf,inf,inf,0,0,inf,0,0,0,0"
rfd_qi_repair_resynth,0.1,1.0,optimal,5.253921209101529,0.0018333333333333333,5.254104542434862,0.06515382285087164,4.209593924526644,1.9408157001016662,7,True,True,True,False,"inf,0,inf,inf,inf,1,0,inf,1,2,1,0"
rfd_regularized_raw,0.1,5.0,optimal,4.203078542241556,0.003,4.203378542241556,0.06515382285087164,4.209593924526644,2.039326799917035,6,True,False,False,False,"inf,0,inf,inf,inf,0,0,inf,inf,0,0,0"
rfd_qi_repair_resynth,0.1,5.0,optimal,7.802891578392556,0.0013333333333333333,7.803024911725889,0.06515382285087164,4.209593924526644,2.187019099947065,6,True,True,True,False,"inf,0,inf,inf,inf,1,0,inf,inf,2,1,0"
rfd_regularized_raw,0.1,10.0,optimal,4.203078542241556,0.0014000000000000002,4.203218542241556,0.06515382285087164,4.209593924526644,1.7110396000789478,6,False,False,False,False,"inf,0,inf,inf,inf,4,2,inf,inf,0,4,0"
rfd_qi_repair_resynth,0.1,10.0,optimal,7.802891578392556,0.0013333333333333333,7.803024911725889,0.06515382285087164,4.209593924526644,1.854255500016734,6,True,True,True,False,"inf,0,inf,inf,inf,1,0,inf,inf,2,1,0"
rfd_regularized_raw,1.0,1e-06,optimal,4.204249490118009,0.009000000000000001,4.205149490118009,0.06067658900224878,4.264926079120258,1.45437530009076,12,True,False,False,False,"0,0,0,0,0,0,0,0,0,0,0,0"
rfd_qi_repair_resynth,1.0,1e-06,optimal,4.987426535049375,0.004166666666666667,4.987843201716041,0.06067658900224878,4.264926079120258,1.6149531000992283,12,True,True,True,False,"1,0,1,2,1,1,0,1,1,2,1,0"
rfd_regularized_raw,1.0,1e-05,optimal,4.204249490118009,0.009000000000000001,4.205149490118009,0.06067658900224878,4.264926079120258,1.4636293000075966,12,True,False,False,False,"0,0,0,0,0,0,0,0,0,0,0,0"
rfd_qi_repair_resynth,1.0,1e-05,optimal,4.987426535049375,0.004166666666666667,4.987843201716041,0.06067658900224878,4.264926079120258,1.6102209000382572,12,True,True,True,False,"1,0,1,2,1,1,0,1,1,2,1,0"
rfd_regularized_raw,1.0,0.0001,optimal,4.204249490118009,0.009000000000000001,4.205149490118009,0.06067658900224878,4.264926079120258,1.5073655999731272,12,True,False,False,False,"0,0,0,0,0,0,0,0,0,0,0,0"
rfd_qi_repair_resynth,1.0,0.0001,optimal,4.987426535049375,0.004166666666666667,4.987843201716041,0.06067658900224878,4.264926079120258,1.6685553999850526,12,True,True,True,False,"1,0,1,2,1,1,0,1,1,2,1,0"
rfd_regularized_raw,1.0,0.001,optimal,4.204249490118009,0.009000000000000001,4.205149490118009,0.06067658900224878,4.264926079120258,1.4816681999946013,12,True,False,False,False,"0,0,0,0,0,0,0,0,0,0,0,0"
rfd_qi_repair_resynth,1.0,0.001,optimal,4.987426535049375,0.004166666666666667,4.987843201716041,0.06067658900224878,4.264926079120258,1.6326544000767171,12,True,True,True,False,"1,0,1,2,1,1,0,1,1,2,1,0"
rfd_regularized_raw,1.0,0.01,optimal,4.204249490118009,0.009000000000000001,4.205149490118009,0.06067658900224878,4.264926079120258,1.7165338000049815,12,True,False,False,False,"0,0,0,0,0,0,0,0,0,0,0,0"
rfd_qi_repair_resynth,1.0,0.01,optimal,4.987426535049375,0.004166666666666667,4.987843201716041,0.06067658900224878,4.264926079120258,1.886254599899985,12,True,True,True,False,"1,0,1,2,1,1,0,1,1,2,1,0"
rfd_regularized_raw,1.0,0.1,optimal,4.204249490118009,0.0050999999999999995,4.204759490118009,0.06067658900224878,4.264926079120258,1.4665675000287592,9,True,False,False,False,"inf,0,inf,inf,0,0,0,9,0,0,0,0"
rfd_qi_repair_resynth,1.0,0.1,optimal,4.987500927292644,0.0026666666666666666,4.987767593959311,0.06067658900224878,4.264926079120258,1.6522275999886915,9,True,True,True,False,"inf,0,inf,inf,1,1,0,2,1,2,1,0"
rfd_regularized_raw,1.0,1.0,optimal,4.204249490118009,0.004,4.204649490118009,0.06067658900224878,4.264926079120258,1.5085038000252098,7,True,False,False,False,"inf,0,inf,inf,inf,0,0,inf,0,0,0,0"
rfd_qi_repair_resynth,1.0,1.0,optimal,5.253921209101529,0.0018333333333333333,5.254104542434862,0.06067658900224878,4.264926079120258,1.659414800000377,7,True,True,True,False,"inf,0,inf,inf,inf,1,0,inf,1,2,1,0"
rfd_regularized_raw,1.0,5.0,optimal,4.204249490118009,0.0016666666666666668,4.204416156784676,0.06067658900224878,4.264926079120258,1.4978466000175104,6,False,False,False,False,"inf,0,inf,inf,inf,5,0,inf,inf,0,1,0"
rfd_qi_repair_resynth,1.0,5.0,optimal,7.802891578392556,0.0013333333333333333,7.803024911725889,0.06067658900224878,4.264926079120258,1.6568951000226662,6,True,True,True,False,"inf,0,inf,inf,inf,1,0,inf,inf,2,1,0"
rfd_regularized_raw,1.0,10.0,optimal,4.204249490118009,0.0005,4.204299490118009,0.06067658900224878,4.264926079120258,1.4690080999862403,6,False,False,False,False,"inf,0,inf,inf,inf,5,0,inf,inf,5,5,0"
rfd_qi_repair_resynth,1.0,10.0,optimal,7.802891578392556,0.0013333333333333333,7.803024911725889,0.06067658900224878,4.264926079120258,1.6223546999972314,6,True,True,True,False,"inf,0,inf,inf,inf,1,0,inf,inf,2,1,0"
rfd_regularized_raw,10.0,1e-06,optimal,4.2136375579485845,0.009000000000000001,4.214537557948584,0.059066277453309446,4.804300332481679,1.7916740999789909,12,True,False,False,False,"0,0,0,0,0,0,0,0,0,0,0,0"
rfd_qi_repair_resynth,10.0,1e-06,optimal,4.987426535049375,0.004166666666666667,4.987843201716041,0.059066277453309446,4.804300332481679,1.9571988000534475,12,True,True,True,False,"1,0,1,2,1,1,0,1,1,2,1,0"
rfd_regularized_raw,10.0,1e-05,optimal,4.2136375579485845,0.0085,4.214487557948584,0.059066277453309446,4.804300332481679,1.9397428999654949,12,True,False,False,False,"0,0,0,1,0,0,0,0,0,0,0,0"
rfd_qi_repair_resynth,10.0,1e-05,optimal,4.987426535049375,0.004166666666666667,4.987843201716041,0.059066277453309446,4.804300332481679,2.1009544000262395,12,True,True,True,False,"1,0,1,2,1,1,0,1,1,2,1,0"
rfd_regularized_raw,10.0,0.0001,optimal,4.2136375579485845,0.005976190476190477,4.214235176996204,0.059066277453309446,4.804300332481679,1.8086071000434458,11,False,False,False,False,"0,0,inf,6,0,0,0,2,0,0,1,0"
rfd_qi_repair_resynth,10.0,0.0001,optimal,4.987491931830988,0.0038333333333333336,4.9878752651643214,0.059066277453309446,4.804300332481679,1.977294799988158,12,True,True,True,False,"1,0,2,2,1,1,0,2,1,2,1,0"
rfd_regularized_raw,10.0,0.001,optimal,4.2136375579485845,0.0055,4.214187557948584,0.059066277453309446,4.804300332481679,1.747529299929738,9,True,False,False,False,"0,0,inf,inf,0,0,0,inf,0,0,1,0"
rfd_qi_repair_resynth,10.0,0.001,optimal,4.987506418871016,0.0028333333333333335,4.987789752204349,0.059066277453309446,4.804300332481679,1.9400574999162927,9,True,True,True,False,"1,0,inf,inf,1,1,0,inf,1,2,1,0"
rfd_regularized_raw,10.0,0.01,optimal,4.2136375579485845,0.0055,4.214187557948584,0.059066277453309446,4.804300332481679,1.6701085000531748,9,True,False,False,False,"0,0,inf,inf,0,0,0,inf,0,0,1,0"
rfd_qi_repair_resynth,10.0,0.01,optimal,4.987506418871016,0.0028333333333333335,4.987789752204349,0.059066277453309446,4.804300332481679,1.8675486000720412,9,True,True,True,False,"1,0,inf,inf,1,1,0,inf,1,2,1,0"
rfd_regularized_raw,10.0,0.1,optimal,4.2136375579485845,0.0045000000000000005,4.214087557948584,0.059066277453309446,4.804300332481679,1.853172600036487,8,True,False,False,False,"inf,0,inf,inf,0,0,0,inf,0,0,1,0"
rfd_qi_repair_resynth,10.0,0.1,optimal,4.987506206845389,0.002333333333333333,4.987739540178722,0.059066277453309446,4.804300332481679,2.0406461000675336,8,True,True,True,False,"inf,0,inf,inf,1,1,0,inf,1,2,1,0"
rfd_regularized_raw,10.0,1.0,optimal,4.2136375579485845,0.003,4.213937557948585,0.059066277453309446,4.804300332481679,1.7733679000521079,7,True,False,False,False,"inf,0,inf,inf,inf,1,0,inf,0,0,1,0"
rfd_qi_repair_resynth,10.0,1.0,optimal,5.253921209101529,0.0018333333333333333,5.254104542434862,0.059066277453309446,4.804300332481679,1.9022988000651821,7,True,True,True,False,"inf,0,inf,inf,inf,1,0,inf,1,2,1,0"
rfd_regularized_raw,10.0,5.0,optimal,4.2136375579485845,0.002,4.213837557948585,0.059066277453309446,4.804300332481679,1.9509679999900982,6,True,False,False,False,"inf,0,inf,inf,inf,1,0,inf,inf,0,1,0"
rfd_qi_repair_resynth,10.0,5.0,optimal,7.802891578392556,0.0013333333333333333,7.803024911725889,0.059066277453309446,4.804300332481679,2.106292099924758,6,True,True,True,False,"inf,0,inf,inf,inf,1,0,inf,inf,2,1,0"
rfd_regularized_raw,10.0,10.0,optimal,4.2136375579485845,0.0008333333333333333,4.213720891281918,0.059066277453309446,4.804300332481679,1.9508723999606445,6,False,False,False,False,"inf,0,inf,inf,inf,5,2,inf,inf,5,1,0"
rfd_qi_repair_resynth,10.0,10.0,optimal,7.802891578392556,0.0013333333333333333,7.803024911725889,0.059066277453309446,4.804300332481679,2.1089630000060424,6,True,True,True,False,"inf,0,inf,inf,inf,1,0,inf,inf,2,1,0"
rfd_regularized_raw,100.0,1e-06,optimal,4.241345817128645,0.008,4.242145817128645,0.0583986207207301,10.081207889201654,0.9785908999620005,11,False,False,False,False,"0,0,0,inf,0,0,0,0,0,0,0,0"
rfd_qi_repair_resynth,100.0,1e-06,optimal,4.987426535049375,0.004166666666666667,4.987843201716041,0.0583986207207301,10.081207889201654,1.1276715999701992,12,True,True,True,False,"1,0,1,2,1,1,0,1,1,2,1,0"
rfd_regularized_raw,100.0,1e-05,optimal,4.241345817128645,0.007,4.242045817128645,0.0583986207207301,10.081207889201654,0.9760450000176206,10,True,False,False,False,"0,0,0,inf,0,0,0,inf,0,0,0,0"
rfd_qi_repair_resynth,100.0,1e-05,optimal,4.987449127471925,0.0033333333333333335,4.987782460805259,0.0583986207207301,10.081207889201654,1.1917366000125185,10,True,True,True,False,"1,0,1,inf,1,1,0,inf,1,2,1,0"
rfd_regularized_raw,100.0,0.0001,optimal,4.241345817128645,0.006125,4.241958317128645,0.0583986207207301,10.081207889201654,1.0329201000276953,10,False,False,False,False,"7,0,0,inf,0,0,0,inf,0,0,0,0"
rfd_qi_repair_resynth,100.0,0.0001,optimal,4.987449127471925,0.0033333333333333335,4.987782460805259,0.0583986207207301,10.081207889201654,1.2322598000755534,10,True,True,True,False,"1,0,1,inf,1,1,0,inf,1,2,1,0"
rfd_regularized_raw,100.0,0.001,optimal,4.241345817128645,0.004,4.241745817128645,0.0583986207207301,10.081207889201654,1.0129182999953628,8,True,False,False,False,"inf,0,inf,inf,0,1,0,inf,0,0,1,0"
rfd_qi_repair_resynth,100.0,0.001,optimal,4.987506206845389,0.002333333333333333,4.987739540178722,0.0583986207207301,10.081207889201654,1.4529747000196949,8,True,True,True,False,"inf,0,inf,inf,1,1,0,inf,1,2,1,0"
rfd_regularized_raw,100.0,0.01,optimal,4.241345817128645,0.004,4.241745817128645,0.0583986207207301,10.081207889201654,0.9512388999573886,8,True,False,False,False,"inf,0,inf,inf,0,1,0,inf,0,0,1,0"
rfd_qi_repair_resynth,100.0,0.01,optimal,4.987506206845389,0.002333333333333333,4.987739540178722,0.0583986207207301,10.081207889201654,1.1408864998957142,8,True,True,True,False,"inf,0,inf,inf,1,1,0,inf,1,2,1,0"
rfd_regularized_raw,100.0,0.1,optimal,4.241345817128645,0.004,4.241745817128645,0.0583986207207301,10.081207889201654,1.031714400043711,8,True,False,False,False,"inf,0,inf,inf,0,1,0,inf,0,0,1,0"
rfd_qi_repair_resynth,100.0,0.1,optimal,4.987506206845389,0.002333333333333333,4.987739540178722,0.0583986207207301,10.081207889201654,1.2395988000789657,8,True,True,True,False,"inf,0,inf,inf,1,1,0,inf,1,2,1,0"
rfd_regularized_raw,100.0,1.0,optimal,4.241345817128645,0.003,4.241645817128645,0.0583986207207301,10.081207889201654,1.0077741999411955,7,True,False,False,False,"inf,0,inf,inf,inf,1,0,inf,0,0,1,0"
rfd_qi_repair_resynth,100.0,1.0,optimal,5.253921209101529,0.0018333333333333333,5.254104542434862,0.0583986207207301,10.081207889201654,1.1692626000149176,7,True,True,True,False,"inf,0,inf,inf,inf,1,0,inf,1,2,1,0"
rfd_regularized_raw,100.0,5.0,optimal,4.241345817128645,0.002,4.241545817128645,0.0583986207207301,10.081207889201654,0.9979386000195518,6,True,False,False,False,"inf,0,inf,inf,inf,1,0,inf,inf,0,1,0"
rfd_qi_repair_resynth,100.0,5.0,optimal,7.802891578392556,0.0013333333333333333,7.803024911725889,0.0583986207207301,10.081207889201654,1.1485203000484034,6,True,True,True,False,"inf,0,inf,inf,inf,1,0,inf,inf,2,1,0"
rfd_regularized_raw,100.0,10.0,optimal,4.241345817128645,0.0011666666666666665,4.241462483795312,0.0583986207207301,10.081207889201654,0.9922216999111697,6,False,False,False,False,"inf,0,inf,inf,inf,1,1,inf,inf,5,1,2"
rfd_qi_repair_resynth,100.0,10.0,optimal,7.802891578392556,0.0013333333333333333,7.803024911725889,0.0583986207207301,10.081207889201654,1.1434473999543115,6,True,True,True,False,"inf,0,inf,inf,inf,1,0,inf,inf,2,1,0"
rfd_regularized_raw,1000.0,1e-06,optimal,5.790907123165839,0.007,5.791607123165839,0.05512614711833499,60.91705424150083,1.0656998000340536,10,True,False,False,False,"0,0,0,inf,0,0,0,inf,0,0,0,0"
rfd_qi_repair_resynth,1000.0,1e-06,optimal,4.987449127471925,0.0033333333333333335,4.987782460805259,0.05512614711833499,60.91705424150083,1.241904600057751,10,True,True,True,False,"1,0,1,inf,1,1,0,inf,1,2,1,0"
rfd_regularized_raw,1000.0,1e-05,optimal,5.790907123165839,0.005000000000000001,5.791407123165839,0.05512614711833499,60.91705424150083,0.8239807999925688,9,True,False,False,False,"0,0,inf,inf,1,0,0,inf,0,0,1,0"
rfd_qi_repair_resynth,1000.0,1e-05,optimal,4.987506418871016,0.0028333333333333335,4.987789752204349,0.05512614711833499,60.91705424150083,1.0209424999775365,9,True,True,True,False,"1,0,inf,inf,1,1,0,inf,1,2,1,0"
rfd_regularized_raw,1000.0,0.0001,optimal,5.790907123165839,0.0035,5.791257123165839,0.05512614711833499,60.91705424150083,0.942695000092499,8,True,False,False,False,"inf,0,inf,inf,1,1,0,inf,0,0,1,0"
rfd_qi_repair_resynth,1000.0,0.0001,optimal,4.987506206845389,0.002333333333333333,4.987739540178722,0.05512614711833499,60.91705424150083,1.1175776000600308,8,True,True,True,False,"inf,0,inf,inf,1,1,0,inf,1,2,1,0"
rfd_regularized_raw,1000.0,0.001,optimal,5.790907123165839,0.0035,5.791257123165839,0.05512614711833499,60.91705424150083,0.8379878000123426,8,True,False,False,False,"inf,0,inf,inf,1,1,0,inf,0,0,1,0"
rfd_qi_repair_resynth,1000.0,0.001,optimal,4.987506206845389,0.002333333333333333,4.987739540178722,0.05512614711833499,60.91705424150083,1.0062053999863565,8,True,True,True,False,"inf,0,inf,inf,1,1,0,inf,1,2,1,0"
rfd_regularized_raw,1000.0,0.01,optimal,5.790907123165839,0.0035,5.791257123165839,0.05512614711833499,60.91705424150083,0.8751396000152454,8,True,False,False,False,"inf,0,inf,inf,1,1,0,inf,0,0,1,0"
rfd_qi_repair_resynth,1000.0,0.01,optimal,4.987506206845389,0.002333333333333333,4.987739540178722,0.05512614711833499,60.91705424150083,1.049676000024192,8,True,True,True,False,"inf,0,inf,inf,1,1,0,inf,1,2,1,0"
rfd_regularized_raw,1000.0,0.1,optimal,5.790907123165839,0.0031666666666666666,5.791223789832506,0.05512614711833499,60.91705424150083,0.8289256000425667,8,True,False,False,False,"inf,0,inf,inf,5,1,0,inf,0,0,1,0"
rfd_qi_repair_resynth,1000.0,0.1,optimal,5.2539389862636465,0.0021666666666666666,5.254155652930313,0.05512614711833499,60.91705424150083,1.23665970005095,8,True,True,True,False,"inf,0,inf,inf,2,1,0,inf,1,2,1,0"
rfd_regularized_raw,1000.0,1.0,optimal,5.790907123165839,0.002,5.7911071231658395,0.05512614711833499,60.91705424150083,0.863789000082761,6,True,False,False,False,"inf,0,inf,inf,inf,1,0,inf,inf,0,1,0"
rfd_qi_repair_resynth,1000.0,1.0,optimal,7.802891578392556,0.0013333333333333333,7.803024911725889,0.05512614711833499,60.91705424150083,1.0217063000891358,6,True,True,True,False,"inf,0,inf,inf,inf,1,0,inf,inf,2,1,0"
rfd_regularized_raw,1000.0,5.0,optimal,5.790907123165839,0.0015,5.791057123165839,0.05512614711833499,60.91705424150083,0.9794888000469655,6,True,False,False,False,"inf,0,inf,inf,inf,1,1,inf,inf,1,1,0"
rfd_qi_repair_resynth,1000.0,5.0,optimal,7.802891578392556,0.0013333333333333333,7.803024911725889,0.05512614711833499,60.91705424150083,1.155566000030376,6,True,True,True,False,"inf,0,inf,inf,inf,1,0,inf,inf,2,1,0"
rfd_regularized_raw,1000.0,10.0,optimal,5.790907123165839,0.0011666666666666665,5.791023789832506,0.05512614711833499,60.91705424150083,0.9275062999222428,6,False,False,False,False,"inf,0,inf,inf,inf,1,1,inf,inf,5,1,1"
rfd_qi_repair_resynth,1000.0,10.0,optimal,7.802891578392556,0.0013333333333333333,7.803024911725889,0.05512614711833499,60.91705424150083,1.0868746999185532,6,True,True,True,False,"inf,0,inf,inf,inf,1,0,inf,inf,2,1,0"
